{
  "alpha": 413.98222460852924,
  "beta": 0.3698308521406293,
  "r2": 0.4406599420411307,
  "n": 1000
}